CountryName,CountryCode,Indicator Name,Indicator Code,Y1960,Y1961,Y1962,Y1963,Y1964,Y1965,Y1966,Y1967,Y1968,Y1969,Y1970,Y1971,Y1972,Y1973,Y1974,Y1975,Y1976,Y1977,Y1978,Y1979,Y1980,Y1981,Y1982,Y1983,Y1984,Y1985,Y1986,Y1987,Y1988,Y1989,Y1990,Y1991,Y1992,Y1993,Y1994,Y1995,Y1996,Y1997,Y1998,Y1999,Y2000,Y2001,Y2002,Y2003,Y2004,Y2005,Y2006,Y2007,Y2008,Y2009,Y2010,Y2011,Y2012,Y2013,Y2014,Y2015,Y2016,Y2017,Y2018,Y2019,Y2020
Afghanistan,AFG,"Access to electricity, urban (% of urban population)",EG.ELC.ACCS.UR.ZS,,,,,,,,,,,,,,,,,,,,,,,,,,,,,,,,,,,,,,,,,,,,,,74,79.92909241,81.74890137,89.9,85.42010498,82.8,86.56777915,95,92.77335358,98.7,92.5,99.5,99.5,99.90214539,100,
Albania,ALB,"Access to electricity, urban (% of urban population)",EG.ELC.ACCS.UR.ZS,,,,,,,,,,,,,,,,,,,,,,,,,,,,,,,,,,,,,,,,,100,100,100,100,100,100,100,100,100,100,100,100,99.9,100,100,100,100,100,100,100,
Algeria,DZA,"Access to electricity, urban (% of urban population)",EG.ELC.ACCS.UR.ZS,,,,,,,,,,,,,,,,,,,,,,,,,,,,,,,,,,,,,,,,,,,,,,,,,100,99.50669098,99.55960083,99.61138916,99.25673759,99.70097351,99.73947906,99.77484894,99.8078537,99.83929443,99.8981781,99.8,
American Samoa,ASM,"Access to electricity, urban (% of urban population)",EG.ELC.ACCS.UR.ZS,,,,,,,,,,,,,,,,,,,,,,,,,,,,,,,,,,,,,,,,,,,,,,,,,,,,,,,,,,,,,
Andorra,AND,"Access to electricity, urban (% of urban population)",EG.ELC.ACCS.UR.ZS,,,,,,,,,,,,,,,,,,,,,,,,,,,,,,,99.89868927,99.94800568,99.98246765,99.99720001,100,100,100,100,99.99960327,99.99386597,100,100,100,100,100,100,100,100,100,100,100,100,100,100,100,100,100,100,100,100,
Angola,AGO,"Access to electricity, urban (% of urban population)",EG.ELC.ACCS.UR.ZS,,,,,,,,,,,,,,,,,,,,,,,,,,,,,,,,,,,,,,,,,,30,47.58794022,48.98031616,50.38521576,51.80933762,53.25395966,66.1,61.31,57.66850281,73.96962738,82.5,70.72065735,68.72361755,51,64,67.98610687,69.44846344,65.27,72.37147522,
Antigua and Barbuda,ATG,"Access to electricity, urban (% of urban population)",EG.ELC.ACCS.UR.ZS,,,,,,,,,,,,,,,,,,,,,,,,,,,,,,,,,,,,,,,,,100,99.99902344,100,99.97109222,99.93930817,100,100,100,100,99.9354248,99.96011353,99.98145294,100,100,100,100,100,100,100,100,
Argentina,ARG,"Access to electricity, urban (% of urban population)",EG.ELC.ACCS.UR.ZS,,,,,,,,,,,,,,,,,,,,,,,,,,,,,,,,,,,,,,,,,96.50968933,96.6730423,96.83506775,97.00269318,97.18284607,97.38221741,97.60208893,97.8383255,98.08654785,98.34238434,99.34841919,99.74773407,99.79571533,99.83764648,100,99.8475647,99.94052887,100,100,100,
Armenia,ARM,"Access to electricity, urban (% of urban population)",EG.ELC.ACCS.UR.ZS,,,,,,,,,,,,,,,,,,,,,,,,,,,,,,,,,,,,,,,,,99.1,100,99.30475616,99.28035736,99.26848602,99.9,99.30368805,99.34789276,99.40409088,99.46790314,99.7,99.78956604,99.96014404,99.41,99.66,100,99.8,99.8,99.9,100,
Aruba,ABW,"Access to electricity, urban (% of urban population)",EG.ELC.ACCS.UR.ZS,,,,,,,,,,,,,,,,,,,,,,,,,,,,,,,,,,,,,,,,,100,100,100,100,100,100,100,100,100,100,100,100,100,100,100,100,100,100,100,100,
Australia,AUS,"Access to electricity, urban (% of urban population)",EG.ELC.ACCS.UR.ZS,,,,,,,,,,,,,,,,,,,,,,,,,,,,,,,99.9171524,99.96009827,99.98775482,99.99822998,100,100,100,100,99.99954224,99.99346924,100,100,100,100,100,100,100,100,100,100,100,100,100,100,100,100,100,100,100,100,
Austria,AUT,"Access to electricity, urban (% of urban population)",EG.ELC.ACCS.UR.ZS,,,,,,,,,,,,,,,,,,,,,,,,,,,,,,,99.89868927,99.94800568,99.98246765,99.99720001,100,100,100,100,99.99960327,99.99386597,100,100,100,100,100,100,100,100,100,100,100,100,100,100,100,100,100,100,100,100,
Azerbaijan,AZE,"Access to electricity, urban (% of urban population)",EG.ELC.ACCS.UR.ZS,,,,,,,,,,,,,,,,,,,,,,,,,,,,,,,,,,,,,,,,99.43148804,99.70492771,99.56122589,100,99.5619812,99.5776825,99.61260223,99.8,99.73981476,99.82358551,99.90774536,99.96772003,99.9,100,100,100,100,100,100,100,100,
"Bahamas, The",BHS,"Access to electricity, urban (% of urban population)",EG.ELC.ACCS.UR.ZS,,,,,,,,,,,,,,,,,,,,,,,,,,,,,,,99.686203,99.74806213,99.80921173,99.86605835,99.90765381,99.93618774,99.94454956,99.94158936,99.92471313,99.89165497,100,99.96992493,100,100,100,100,100,100,100,100,100,100,100,100,100,100,100,100,100,100,
Bahrain,BHR,"Access to electricity, urban (% of urban population)",EG.ELC.ACCS.UR.ZS,,,,,,,,,,,,,,,,,,,,,,,,,,,,,,,100,100,100,100,100,100,100,100,100,100,100,100,100,100,100,100,100,100,100,100,100,100,100,100,100,100,100,100,100,100,
Bangladesh,BGD,"Access to electricity, urban (% of urban population)",EG.ELC.ACCS.UR.ZS,,,,,,,,,,,,,,,,,,,,,,,,,,,,,,,,58.06059522,67.68811798,68.84832764,75.2,71.13865662,72.26018524,79.5,74.436409,75.49406433,81.2,77.61106873,78.66636658,79.7272644,76.6,82.61,77.79913503,82.1,85.27747345,86.42658234,90.1,90.2,90.68002319,88,90.7,93.48270416,94.01,99.5,96.5,97.8,
Barbados,BRB,"Access to electricity, urban (% of urban population)",EG.ELC.ACCS.UR.ZS,,,,,,,,,,,,,,,,,,,,,,,,,,,,,,,100,100,100,100,100,100,100,100,100,100,100,99.99462891,100,99.93746948,99.88771057,99.85967255,100,100,100,100,100,100,100,100,100,100,100,100,100,100,
Belarus,BLR,"Access to electricity, urban (% of urban population)",EG.ELC.ACCS.UR.ZS,,,,,,,,,,,,,,,,,,,,,,,,,,,,,,,99.89868927,99.94800568,99.98246765,99.99720001,100,100,100,100,99.99960327,99.99386597,100,100,100,100,100,100,100,100,100,100,100,100,100,100,100,100,100,100,100,100,
Belgium,BEL,"Access to electricity, urban (% of urban population)",EG.ELC.ACCS.UR.ZS,,,,,,,,,,,,,,,,,,,,,,,,,,,,,,,99.89868927,99.94800568,99.98246765,99.99720001,100,100,100,100,99.99960327,99.99386597,100,100,100,100,100,100,100,100,100,100,100,100,100,100,100,100,100,100,100,100,
Belize,BLZ,"Access to electricity, urban (% of urban population)",EG.ELC.ACCS.UR.ZS,,,,,,,,,,,,,,,,,,,,,,,,,,,,,,,,94,94.38336182,94.57462311,94.7572937,94.92707062,95.07965851,95.21075439,95.31799316,95.40670776,95,95.63078308,95.70944977,95.79371643,95.89051056,96.00652313,98.0671414,96.2959137,96.46077728,96.633255,96.99964251,96.31336406,97.15354156,97.31879425,97.48011017,96.9,97.79410553,97.98158264,97.9,98.48,
Benin,BEN,"Access to electricity, urban (% of urban population)",EG.ELC.ACCS.UR.ZS,,,,,,,,,,,,,,,,,,,,,,,,,,,,,,,,,,,,,34.4,44.05916214,45.1307869,46.18388748,47.48546982,49.6,49.23647308,50.11690903,51.00986862,51.92205429,56.6,53.80377579,54.76480865,55.73345566,65.4,67,68.6,61.0203743,55.8,51.67,62.46747971,54.2,64.36753082,65.31703186,
Bermuda,BMU,"Access to electricity, urban (% of urban population)",EG.ELC.ACCS.UR.ZS,,,,,,,,,,,,,,,,,,,,,,,,,,,,,,,99.89868927,99.94800568,99.98246765,99.99720001,100,100,100,100,99.99960327,99.99386597,100,100,100,100,100,100,100,100,100,100,100,100,100,100,100,100,100,100,100,100,
Bhutan,BTN,"Access to electricity, urban (% of urban population)",EG.ELC.ACCS.UR.ZS,,,,,,,,,,,,,,,,,,,,,,,,,,,,,,,,,,,,,,,,,96.74,97.09168243,97.20987701,97.4,97.46999359,96.77638276,97.80157471,98.73,98.19836426,98.41036987,99.30555556,99.46228027,99.6,99.40276337,99.45485687,99.65255737,99.84790802,99.1,99.99049377,100,
Bolivia,BOL,"Access to electricity, urban (% of urban population)",EG.ELC.ACCS.UR.ZS,,,,,,,,,,,,,,,,,,,,,,,,,,,,,,,,,,,93,94.3939209,96.7,95.815075,96.1,97.837216,95.81211,94.211133,88.579206,94,96.16797638,89.920884,95.170734,98.195281,99.227943,98.874112,98.74819183,99.079263,99.232931,99.520076,99.310844,99.46435,99.5,99.4,99.5,99.94936371,
Bosnia and Herzegovina,BIH,"Access to electricity, urban (% of urban population)",EG.ELC.ACCS.UR.ZS,,,,,,,,,,,,,,,,,,,,,,,,,,,,,,,,,,,,,,,,,100,100,99.3,100,100,100,99.7146933,100,100,100,100,99.76392823,100,100,100,100,100,100,100,100,
Botswana,BWA,"Access to electricity, urban (% of urban population)",EG.ELC.ACCS.UR.ZS,,,,,,,,,,,,,,,,,,,,,,,,,,,,,,,,17.5,19.82499504,22.22455788,24.61552429,26.99359894,29.35448265,31.69387817,34.00941467,36.306427,39.08891678,37,44.14235306,46.6740036,49.21818161,51.78157806,54.3654747,56.96573257,60.1,60.76,67.70775604,69.13,72.56253052,74.61737061,76.58686066,79.58,81.07698059,84,85.69286346,88.2935791,
Brazil,BRA,"Access to electricity, urban (% of urban population)",EG.ELC.ACCS.UR.ZS,,,,,,,,,,,,,,,,,,,,,,,,,,,,,,,97.538681,91.14651489,97.523788,98.033975,94.2216568,98.589696,98.915038,99.056926,99.137016,99.186252,99.02937317,99.215119,99.426994,99.504184,99.585301,99.634816,99.708742,99.781449,99.821747,99.85168,99.6916275,99.898571,99.927418,99.935013,99.945554,99.956197,99.9,99.9,99.9,100,
British Virgin Islands,VGB,"Access to electricity, urban (% of urban population)",EG.ELC.ACCS.UR.ZS,,,,,,,,,,,,,,,,,,,,,,,,,,,,,,,92.81064606,93.12604523,93.4407196,93.75109863,94.05288696,94.34178162,94.61347961,94.86369324,95.09004974,95.29788208,97.22161865,97.32344055,97.42392731,97.53002167,97.64863586,97.78646851,97.94480133,98.11949921,98.30618286,98.50048065,99.31787872,99.7119751,99.75268555,99.85886383,99.70548248,100,100,100,100,100,
Brunei Darussalam,BRN,"Access to electricity, urban (% of urban population)",EG.ELC.ACCS.UR.ZS,,,,,,,,,,,,,,,,,,,,,,,,,,,,,,,99.89776611,99.94740295,99.98220825,99.99714661,100,100,100,100,99.99960327,99.99388885,100,100,100,100,100,100,100,100,100,100,100,100,100,100,100,100,100,100,100,100,
Bulgaria,BGR,"Access to electricity, urban (% of urban population)",EG.ELC.ACCS.UR.ZS,,,,,,,,,,,,,,,,,,,,,,,,,,,,,,,99.89868927,99.94800568,99.98246765,99.99720001,100,100,100,100,99.99960327,99.99386597,100,100,100,100,100,100,100,100,100,100,100,100,100,100,100,100,100,100,100,100,
Burkina Faso,BFA,"Access to electricity, urban (% of urban population)",EG.ELC.ACCS.UR.ZS,,,,,,,,,,,,,,,,,,,,,,,,,,,,,,,,,,29.4,34.15727997,35.37156677,36.56866455,37.74427414,38.89602661,39.7,40.35968781,41.46154022,42.5620575,52.4,44.78682709,45.92469025,47.0830574,48.25778198,49.44449997,44.41,48.5,53.03286362,54.22467422,55.41177368,58.4,58.05200958,59.83829498,61.598629,62.3,64.59192657,
Burundi,BDI,"Access to electricity, urban (% of urban population)",EG.ELC.ACCS.UR.ZS,,,,,,,,,,,,,,,,,,,,,,,,,,,,,,,,,,,,,,,60.6,50.26504135,50.6822319,50.81640244,50.94924164,51.08768082,51.23864746,45.04950495,51.59951782,51.80656433,39.6,52.25225067,49,52.71091843,58.5,52.4,52.1,57.14767456,58.69766998,61.8,61.54690933,62.74242401,
Cabo Verde,CPV,"Access to electricity, urban (% of urban population)",EG.ELC.ACCS.UR.ZS,,,,,,,,,,,,,,,,,,,,,,,,,,,,,,,,,,,,,,,,,,,81.27494,83.39100647,84.07975769,85,85.5161972,86.26102448,87.01784515,87.78227997,90.62070385,89.97762299,90.07843018,90.83563232,91.58890533,92.33903503,93.08680725,93.83301544,94.57843018,95.32372284,
Cambodia,KHM,"Access to electricity, urban (% of urban population)",EG.ELC.ACCS.UR.ZS,,,,,,,,,,,,,,,,,,,,,,,,,,,,,,,,,,,,,,,55.98,59.73876572,60.6,64.02565765,66.39334869,68.76663208,71.15244293,66.8,75.98300934,78.42490387,87,83.34028625,91.3,93.21829224,94.37664032,95.25200653,96.9,98.079422,99.24687195,99.06,99.71366119,99.7,
Cameroon,CMR,"Access to electricity, urban (% of urban population)",EG.ELC.ACCS.UR.ZS,,,,,,,,,,,,,,,,,,,,,,,,,,,,,,,,63,69.79663086,70.74377441,71.68231964,72.60797882,73.51644135,74.40341949,79,76.11113739,79,83.95034,78.53926086,79.33855438,77.1,80.98143005,73,90.4,83.58076477,84.46827698,87.27359772,87.5,88.31987,88.47045898,89.2,89.76348877,90.63433838,91.50362396,90,93.24047852,
Canada,CAN,"Access to electricity, urban (% of urban population)",EG.ELC.ACCS.UR.ZS,,,,,,,,,,,,,,,,,,,,,,,,,,,,,,,99.89868927,99.94800568,99.98246765,99.99720001,100,100,100,100,99.99960327,99.99386597,100,100,100,100,100,100,100,100,100,100,100,100,100,100,100,100,100,100,100,100,
Cayman Islands,CYM,"Access to electricity, urban (% of urban population)",EG.ELC.ACCS.UR.ZS,,,,,,,,,,,,,,,,,,,,,,,,,,,,,,,99.87825012,99.93227386,99.97337341,99.99403381,99.99951172,100,100,100,99.99884796,99.99015808,100,100,100,100,100,100,100,100,100,100,100,100,100,100,100,100,100,100,100,100,
Central African Republic,CAF,"Access to electricity, urban (% of urban population)",EG.ELC.ACCS.UR.ZS,,,,,,,,,,,,,,,,,,,,,,,,,,,,,,,,,,,,8,9.144975662,10.44786072,11.7268877,12.98739147,15.6,13.87389946,14.78729439,15.70628738,16.63780785,17.58854866,20.26367188,19.54738617,11.86,21.55418396,24.9,26.25417328,27.27529907,28.01345444,28.66627121,29.49619865,30.52303123,31.52391052,32.32594681,32.1,
Chad,TCD,"Access to electricity, urban (% of urban population)",EG.ELC.ACCS.UR.ZS,,,,,,,,,,,,,,,,,,,,,,,,,,,,,,,,,,,,,,9.4,9.054512978,10.28089523,10.08455849,11.24086761,12.39584637,13.55642414,16.4,15.92185402,17.13467598,18.36386108,19.60503578,20.85382843,18.3,13.55,24.60304642,25.84460258,27.08223343,32.4,31.21496391,33.84950256,36.2851944,36.7,
Channel Islands,CHI,"Access to electricity, urban (% of urban population)",EG.ELC.ACCS.UR.ZS,,,,,,,,,,,,,,,,,,,,,,,,,,,,,,,,,,,,,,,,,100,100,100,100,100,100,100,100,100,100,100,100,100,100,100,100,100,100,100,100,
Chile,CHL,"Access to electricity, urban (% of urban population)",EG.ELC.ACCS.UR.ZS,,,,,,,,,,,,,,,,,,,,,,,,,,,,,,,98.846714,99.18708801,99.107534,99.35232544,99.42420197,99.48319244,99.441775,99.54528809,99.667146,99.51965332,99.782113,99.51974487,99.48908234,99.707507,99.45146942,99.45814514,99.814949,99.52885437,99.5843811,99.869036,99.71392059,99.856911,100,99.8,100,99.876858,100,99.8,100,100,
China,CHN,"Access to electricity, urban (% of urban population)",EG.ELC.ACCS.UR.ZS,,,,,,,,,,,,,,,,,,,,,,,,,,,,,,,,,,,,,,,,,100,99.75428009,99.75263977,99.7565918,99.77307129,99.80876923,99.86497498,99.93087006,99.97594452,99.99609375,100,100,100,100,100,100,100,100,100,100,
Colombia,COL,"Access to electricity, urban (% of urban population)",EG.ELC.ACCS.UR.ZS,,,,,,,,,,,,,,,,,,,,,,,,,,,,,,,97.9,98.540802,98.6509552,98.75681305,98.85407257,99.2,99.00562286,99.05130768,99.07313538,99.07644653,99.4,99.91,99.21591187,99.2097168,99.21605682,99.3,99.28766632,99.3500824,99.713281,99.607048,99.771476,99.788503,99.726102,99.820229,99.838367,99.809718,99.8,99.9,99.9,100,
Comoros,COM,"Access to electricity, urban (% of urban population)",EG.ELC.ACCS.UR.ZS,,,,,,,,,,,,,,,,,,,,,,,,,,,,,,,,,,,,,51.8,59.78164291,61.37452698,62.94888687,64.28787231,66.00804901,74.6,69.45133972,71.18830872,72.94450378,74.72119141,76.51424408,78.31928253,80.13194275,84.95456696,84.99564362,85.1,87.37818909,89.17967987,90.97803497,92.77403259,94.56845856,96.36210632,98.15560913,
"Congo, Dem. Rep.",COD,"Access to electricity, urban (% of urban population)",EG.ELC.ACCS.UR.ZS,,,,,,,,,,,,,,,,,,,,,,,,,,,,,,,,,,,,,,,,,20,23.84992027,25.34216309,26.84000397,28.35037041,30,31.43004608,36.6,34.5749321,36.16098785,37.7502861,39.33845901,40.8,42.50081635,42,37,38,40,41,41,
"Congo, Rep.",COG,"Access to electricity, urban (% of urban population)",EG.ELC.ACCS.UR.ZS,,,,,,,,,,,,,,,,,,,,,,,,,,,,,,,,,,,,,,,,,,,,,,50.8,51.78245926,52.79838562,53.82630539,53.6,56.66331482,57.97361374,58.9,59.95290375,60.71572495,61.65565491,62.79249191,63.90337753,64.81541443,65.59777832,
Costa Rica,CRI,"Access to electricity, urban (% of urban population)",EG.ELC.ACCS.UR.ZS,,,,,,,,,,,,,,,,,,,,,,,,,,,,,,,,,,,,,,,,,99.8,99.874108,99.863464,99.882549,99.847066,99.894615,99.930421,99.917154,99.924095,99.929925,99.746437,99.964484,99.98337,99.939949,99.704804,99.929925,99.8,99.8,99.9,99.92,
Cote d'Ivoire,CIV,"Access to electricity, urban (% of urban population)",EG.ELC.ACCS.UR.ZS,,,,,,,,,,,,,,,,,,,,,,,,,,,,,,,72.25034489,73.0254418,73.80289524,74.58102,69.53445235,76.13089239,76.89700985,77.65664926,78.40617439,82.42631802,81.53926086,82.12841797,82.71625519,83.30968475,83.91564178,86.4,91.22701236,85.84854126,88.77,87.20420837,87.88909912,88.1,88.1,89.92639923,90.59688568,86.5,92,92.59262848,93.25525665,93.9177475,
Croatia,HRV,"Access to electricity, urban (% of urban population)",EG.ELC.ACCS.UR.ZS,,,,,,,,,,,,,,,,,,,,,,,,,,,,,,,98.57940674,98.74784851,98.91558075,99.07901764,99.2338562,99.37580109,99.50055695,99.60382843,99.68323517,99.74412537,100,100,100,100,100,100,100,100,100,100,100,100,100,100,100,100,100,100,100,100,
Cuba,CUB,"Access to electricity, urban (% of urban population)",EG.ELC.ACCS.UR.ZS,,,,,,,,,,,,,,,,,,,,,,,,,,,,,,,,,,,,,,,,,100,99.7773056,99.72402191,99.6763382,99.64117432,99.62523651,99.62979889,99.65071869,99.6836319,99.72415924,99.76792908,99.81057739,99.84858704,99.88188171,99.9096756,99.93629456,99.9602356,99.98029327,99.99349213,99.9,
Curacao,CUW,"Access to electricity, urban (% of urban population)",EG.ELC.ACCS.UR.ZS,,,,,,,,,,,,,,,,,,,,,,,,,,,,,,,100,100,100,100,100,100,100,100,100,100,99.79793549,99.75377655,99.70828247,99.668396,99.64102936,99.63288879,99.64524841,99.67396545,99.71466827,99.76299286,100,100,100,100,100,100,100,100,100,100,
Cyprus,CYP,"Access to electricity, urban (% of urban population)",EG.ELC.ACCS.UR.ZS,,,,,,,,,,,,,,,,,,,,,,,,,,,,,,,99.89868927,99.94800568,99.98246765,99.99720001,100,100,100,100,99.99960327,99.99386597,100,100,100,100,100,100,100,100,100,100,100,100,100,100,100,100,100,100,100,100,
Czech Republic,CZE,"Access to electricity, urban (% of urban population)",EG.ELC.ACCS.UR.ZS,,,,,,,,,,,,,,,,,,,,,,,,,,,,,,,75.10271454,75.77393341,76.44443512,77.11063385,77.76824188,78.41295624,79.04048157,79.64652252,80.22869873,80.79235077,100,100,100,100,100,100,100,100,100,100,100,100,100,100,100,100,100,100,100,100,
Denmark,DNK,"Access to electricity, urban (% of urban population)",EG.ELC.ACCS.UR.ZS,,,,,,,,,,,,,,,,,,,,,,,,,,,,,,,99.89868927,99.94800568,99.98246765,99.99720001,100,100,100,100,99.99960327,99.99386597,100,100,100,100,100,100,100,100,100,100,100,100,100,100,100,100,100,100,100,100,
Djibouti,DJI,"Access to electricity, urban (% of urban population)",EG.ELC.ACCS.UR.ZS,,,,,,,,,,,,,,,,,,,,,,,,,,,,,,,,,,,,,53.81001663,54.54051971,55.24716187,55.93528366,56.48578644,57.18460083,56.9,58.58517075,59.30078506,60.03561401,62.4,61.56263733,62.34631729,63.13761902,63.93215942,64.72557831,64.24208069,66.29842377,67.07855988,67.85555267,68.63018799,69.96,70.70310974,71.56137085,
Dominica,DMA,"Access to electricity, urban (% of urban population)",EG.ELC.ACCS.UR.ZS,,,,,,,,,,,,,,,,,,,,,,,,,,,,,,,,,,,,,,,,,,,,,,,,,,,,,,,,,,,,,
Dominican Republic,DOM,"Access to electricity, urban (% of urban population)",EG.ELC.ACCS.UR.ZS,,,,,,,,,,,,,,,,,,,,,,,,,,,,,,,,96.5,95.31705475,95.55960846,95.79357147,96.01464081,96.21851349,96.40090942,96.55943298,98.9,96.572861,96.949494,96.674673,95.037767,95.524705,95.184958,94.389301,99.606906,99.572317,99.732814,99.767161,99.719573,99.651703,99.88359,99.859908,99.827251,99.9,99.96511841,99.6,100,
Ecuador,ECU,"Access to electricity, urban (% of urban population)",EG.ELC.ACCS.UR.ZS,,,,,,,,,,,,,,,,,,,,,,,,,,,,,,,,,,,,97.908304,99.04218292,99.08478546,99.626074,99.289697,99.15743256,99.14836121,99.13796234,99.291127,99.1408844,99.668752,99.525886,99.633543,99.586687,98.984382,99.715049,99.783081,99.628858,99.547373,99.83164,99.869408,99.8,100,99.7,100,
"Egypt, Arab Rep.",EGY,"Access to electricity, urban (% of urban population)",EG.ELC.ACCS.UR.ZS,,,,,,,,,,,,,,,,,,,,,,,,,,,,,,,,,98.4,99.090271,99.17178345,99,99.29183197,99.32176971,99.32785034,99.3154068,99.5,99.32862091,99.31092834,99.7,99.80428314,99.8,99.35906982,99.41558075,99.9,99.56019592,99.67411041,99.71779633,99.53282166,99.8602829,99.9,99.1,99.99209595,99.99919128,100,100,
El Salvador,SLV,"Access to electricity, urban (% of urban population)",EG.ELC.ACCS.UR.ZS,,,,,,,,,,,,,,,,,,,,,,,,,,,,,,,,93.618226,94.38828278,94.6061554,94.81543732,94.981486,95.233394,95.34873199,95.731315,93.057406,96.097903,97.114157,97.2748,96.49703,96.477373,96.455867,97.195509,97.084368,96.485463,96.567595,96.871589,97.229737,97.84601,97.761193,97.788212,98,98.4,99,98.7,99.0198288,
Equatorial Guinea,GNQ,"Access to electricity, urban (% of urban population)",EG.ELC.ACCS.UR.ZS,,,,,,,,,,,,,,,,,,,,,,,,,,,,,,,,,,,,,,,,,,,,,,,,,,,,93.1,92.2283783,92.04307556,91.85385132,91.66148376,91.4667511,91.27045441,91.07337189,90.87615967,
Eritrea,ERI,"Access to electricity, urban (% of urban population)",EG.ELC.ACCS.UR.ZS,,,,,,,,,,,,,,,,,,,,,,,,,,,,,,,,,,,,80.6,79.82939148,79.69217682,79.53109741,79.35150146,79.13611603,78.89038086,78.3,78.40185547,78.1729126,77.9631958,77.77397156,77.60112,77.44024658,77.28699493,77.13698578,76.9858551,76.83008575,76.66960144,76.50518799,76.33763123,76.16771698,75.99623108,75.82396698,75.65156555,
Estonia,EST,"Access to electricity, urban (% of urban population)",EG.ELC.ACCS.UR.ZS,,,,,,,,,,,,,,,,,,,,,,,,,,,,,,,99.89868927,99.94800568,99.98246765,99.99720001,100,100,100,100,99.99960327,99.99386597,100,100,100,100,100,100,100,100,100,100,100,100,100,100,100,100,100,100,100,100,
Eswatini,SWZ,"Access to electricity, urban (% of urban population)",EG.ELC.ACCS.UR.ZS,,,,,,,,,,,,,,,,,,,,,,,,,,,,,,,,,,,,,,,,,,55.84822464,57.52636719,59.21010971,60.90637589,62.62186432,63.4,66.11019897,67.87454224,72.64,65.41666667,73.19577026,74.96520233,76.72992706,84,80.71581268,80.98,85.91979218,88.30995941,90.5704422,
Ethiopia,ETH,"Access to electricity, urban (% of urban population)",EG.ELC.ACCS.UR.ZS,,,,,,,,,,,,,,,,,,,,,,,,,,,,,,,,,,,,,,,,,76.2,79.22268677,79.87619019,80.53530121,81.20693207,85.7,82.60913086,,84.07654572,84.8238678,85.57443237,85.2,87.06866455,87.80875397,91.98251748,85,85.4,96.6,92.03045654,92.77965546,
Faroe Islands,FRO,"Access to electricity, urban (% of urban population)",EG.ELC.ACCS.UR.ZS,,,,,,,,,,,,,,,,,,,,,,,,,,,,,,,99.89868927,99.94800568,99.98246765,99.99720001,100,100,100,100,99.99960327,99.99386597,100,100,100,100,100,100,100,100,100,100,100,100,100,100,100,100,100,100,100,100,
Fiji,FJI,"Access to electricity, urban (% of urban population)",EG.ELC.ACCS.UR.ZS,,,,,,,,,,,,,,,,,,,,,,,,,,,,,,,,,,,,,89.94625854,90.38319397,90.79627228,91.19083405,91.40816498,91.83062744,92.05,92,93.11775208,93.57622528,94.0552063,94.55054474,96.47,95.57281494,96.09101105,96.65344238,97.12049866,97.26,98.13198853,98.63262939,99.13091278,99.62763214,99.85258484,100,
Finland,FIN,"Access to electricity, urban (% of urban population)",EG.ELC.ACCS.UR.ZS,,,,,,,,,,,,,,,,,,,,,,,,,,,,,,,99.89868927,99.94800568,99.98246765,99.99720001,100,100,100,100,99.99960327,99.99386597,100,100,100,100,100,100,100,100,100,100,100,100,100,100,100,100,100,100,100,100,
France,FRA,"Access to electricity, urban (% of urban population)",EG.ELC.ACCS.UR.ZS,,,,,,,,,,,,,,,,,,,,,,,,,,,,,,,99.89868927,99.94800568,99.98246765,99.99720001,100,100,100,100,99.99960327,99.99386597,100,100,100,100,100,100,100,100,100,100,100,100,100,100,100,100,100,100,100,100,
French Polynesia,PYF,"Access to electricity, urban (% of urban population)",EG.ELC.ACCS.UR.ZS,,,,,,,,,,,,,,,,,,,,,,,,,,,,,,,99.9171524,99.96009827,99.98775482,99.99822998,100,100,100,100,99.99954224,99.99346924,100,100,100,100,100,100,100,100,100,100,100,100,100,100,100,100,100,100,100,100,
Gabon,GAB,"Access to electricity, urban (% of urban population)",EG.ELC.ACCS.UR.ZS,,,,,,,,,,,,,,,,,,,,,,,,,,,,,,,,,,,,,,,,,90.2,91.35385895,91.6721344,91.99600983,92.33240509,93.2,93.06414032,93.45662689,93.86109161,94.2731781,95.84220123,96.24534607,98.1,94.3,96.3180542,96.7158432,97.11126709,97.82,97.89819336,98.29113007,
"Gambia, The",GMB,"Access to electricity, urban (% of urban population)",EG.ELC.ACCS.UR.ZS,,,,,,,,,,,,,,,,,,,,,,,,,,,,,,,,,,39.73962784,41.2479248,42.74332809,44.22153854,45.67826462,47.11112976,48.52547073,51.16,51.00017929,52.46294403,53.93130493,55.41219711,54.43686007,58.43291473,59.96988678,61.5188446,63.07542419,64.63524628,66.19393921,67.7480011,67,70.84275818,72.38503265,74.11578369,79.4,76.4,79.79828644,
Georgia,GEO,"Access to electricity, urban (% of urban population)",EG.ELC.ACCS.UR.ZS,,,,,,,,,,,,,,,,,,,,,,,,,,,,,,,,,,,,,,,,,,,100,100,99.93,98.31918788,100,100,100,100,100,100,100,100,100,100,100,100,99.8,100,
Germany,DEU,"Access to electricity, urban (% of urban population)",EG.ELC.ACCS.UR.ZS,,,,,,,,,,,,,,,,,,,,,,,,,,,,,,,99.89868927,99.94800568,99.98246765,99.99720001,100,100,100,100,99.99960327,99.99386597,100,100,100,100,100,100,100,100,100,100,100,100,100,100,100,100,100,100,100,100,
Ghana,GHA,"Access to electricity, urban (% of urban population)",EG.ELC.ACCS.UR.ZS,,,,,,,,,,,,,,,,,,,,,,,,,,,,,,,,,,74.6,75.77058411,76.34442902,76.9010849,77.43624878,82.4,78.44033813,80.5,79.01372528,79.58956909,76.9,80.7649765,78.44,80.72065379,82.66189575,84.8,83.99358368,72.8,84.95149417,86.76,88.5,90.8,88.03235626,89.8,90,89.9,93.8,
Gibraltar,GIB,"Access to electricity, urban (% of urban population)",EG.ELC.ACCS.UR.ZS,,,,,,,,,,,,,,,,,,,,,,,,,,,,,,,99.89868927,99.94800568,99.98246765,99.99720001,100,100,100,100,99.99960327,99.99386597,100,100,100,100,100,100,100,100,100,100,100,100,100,100,100,100,100,100,100,100,
Greece,GRC,"Access to electricity, urban (% of urban population)",EG.ELC.ACCS.UR.ZS,,,,,,,,,,,,,,,,,,,,,,,,,,,,,,,99.89868927,99.94800568,99.98246765,99.99720001,100,100,100,100,99.99960327,99.99386597,100,100,100,100,100,100,100,100,100,100,100,100,100,100,100,100,100,100,100,100,
Greenland,GRL,"Access to electricity, urban (% of urban population)",EG.ELC.ACCS.UR.ZS,,,,,,,,,,,,,,,,,,,,,,,,,,,,,,,99.89868927,99.94800568,99.98246765,99.99720001,100,100,100,100,99.99960327,99.99386597,100,100,100,100,100,100,100,100,100,100,100,100,100,100,100,100,100,100,100,100,
Grenada,GRD,"Access to electricity, urban (% of urban population)",EG.ELC.ACCS.UR.ZS,,,,,,,,,,,,,,,,,,,,,,,,,,,,,,,,,,,,,,,,,,,,,,,,,,,,,,,,,,,,,
Guam,GUM,"Access to electricity, urban (% of urban population)",EG.ELC.ACCS.UR.ZS,,,,,,,,,,,,,,,,,,,,,,,,,,,,,,,99.94182587,99.97427368,99.99344635,99.99935913,100,100,100,100,100,99.99586487,100,100,100,100,100,100,100,100,100,100,100,100,100,100,100,100,100,100,100,100,
Guatemala,GTM,"Access to electricity, urban (% of urban population)",EG.ELC.ACCS.UR.ZS,,,,,,,,,,,,,,,,,,,,,,,,,,,,,,,,,,,,88.9,92.78006744,92.90065765,92.99738312,91.3,95.397837,93.25592804,95.710971,96.030896,93.76331329,93.96187592,94.40666,94.41636658,94.66378021,94.91881561,95.17709351,94.603279,95.68675232,95.93455505,94.463137,96.41915131,96.65752411,96.89432526,97.13034058,97.36621857,
Guinea,GIN,"Access to electricity, urban (% of urban population)",EG.ELC.ACCS.UR.ZS,,,,,,,,,,,,,,,,,,,,,,,,,,,,,,,,,,,,,,,,53.8,55.73503876,57.31611252,58.89585495,60.48119354,62.07906342,63.8,65.33374023,66.98768616,68.65361786,70.32717896,72.00397491,73.67964935,74.2,77.01700592,78.67939758,80.33864594,82.2,84.19451141,87,87.70915985,
Guinea-Bissau,GNB,"Access to electricity, urban (% of urban population)",EG.ELC.ACCS.UR.ZS,,,,,,,,,,,,,,,,,,,,,,,,,,,,,,,,,,,,,,,,,,,,,,,34.4004065,26.06252098,26.36353683,26.67217064,11.8,27.29480362,27.60091591,27.90231705,33.1,36.26581573,40.93236542,45.5729599,50.01470947,54.32677841,
Guyana,GUY,"Access to electricity, urban (% of urban population)",EG.ELC.ACCS.UR.ZS,,,,,,,,,,,,,,,,,,,,,,,,,,,,,,,,,,90.396341,86.03964996,86.26345062,86.47006989,86.65518951,86.81645966,86.95920563,87.20479584,87.31891632,87.43170929,87.5500946,87.68101501,81.6,82.41903503,88.18878174,88.38777161,90.9,92.3033371,93.13788605,93.79327393,94.16568756,94.4,94.91694641,95.57803345,96.21317291,96.64946747,96.95607758,
Haiti,HTI,"Access to electricity, urban (% of urban population)",EG.ELC.ACCS.UR.ZS,,,,,,,,,,,,,,,,,,,,,,,,,,,,,,,,,,,,76.5,71.72038269,71.26164246,70.7790451,70.27792358,81.9,62.46408,69.5475769,50.38757373,69.76026917,69.89209747,68.9,70.21311188,70.3937912,70.58208466,70.77362061,71.42466736,72.6,73.63694,74.51625061,75.57267761,76.4,78.05338287,79.08190918,79.9807663,
Honduras,HND,"Access to electricity, urban (% of urban population)",EG.ELC.ACCS.UR.ZS,,,,,,,,,,,,,,,,,,,,,,,,,,,,,,,,88.700619,89.851267,92.082517,92.144467,93.264253,93.877733,95.072358,96.042962,95.3172,94.45333862,94.71989441,93.140655,94.466186,95.88663,96.042583,96.856154,97.539377,97.960649,97.921085,98.759449,99.174969,98.486672,98.989674,98.762347,98.897656,99.1,97.8,98.9,100,
"Hong Kong SAR, China",HKG,"Access to electricity, urban (% of urban population)",EG.ELC.ACCS.UR.ZS,,,,,,,,,,,,,,,,,,,,,,,,,,,,,,,99.89776611,99.94740295,99.98220825,99.99714661,100,100,100,100,99.99960327,99.99388885,100,100,100,100,100,100,100,100,100,100,100,100,100,100,100,100,100,100,100,100,
Hungary,HUN,"Access to electricity, urban (% of urban population)",EG.ELC.ACCS.UR.ZS,,,,,,,,,,,,,,,,,,,,,,,,,,,,,,,99.89868927,99.94800568,99.98246765,99.99720001,100,100,100,100,99.99960327,99.99386597,100,100,100,100,100,100,100,100,100,100,100,100,100,100,100,100,100,100,100,100,
Iceland,ISL,"Access to electricity, urban (% of urban population)",EG.ELC.ACCS.UR.ZS,,,,,,,,,,,,,,,,,,,,,,,,,,,,,,,99.89868927,99.94800568,99.98246765,99.99720001,100,100,100,100,99.99960327,99.99386597,100,100,100,100,100,100,100,100,100,100,100,100,100,100,100,100,100,100,100,100,
India,IND,"Access to electricity, urban (% of urban population)",EG.ELC.ACCS.UR.ZS,,,,,,,,,,,,,,,,,,,,,,,,,,,,,,,,,,82.8,86.18670654,86.69272614,87.1815567,87.64889526,88.09237671,91.3,88.74241638,87.6,89.81708527,90.35935211,90.91414642,91.48816681,93.1,92.69355011,93.31641388,96.1,94,92.9,96.1,96.46443939,97.08375549,97.5,98.31375885,99.08893585,99.78376007,100,
Indonesia,IDN,"Access to electricity, urban (% of urban population)",EG.ELC.ACCS.UR.ZS,,,,,,,,,,,,,,,,,,,,,,,,,,,,,,,,87.6,92.83786774,93.21018219,94.6,93.92472839,94.25836182,97.5,94.8588028,95.12856293,95.47623444,95.71961975,95.96168518,98.1,96.46952057,96.74893188,97.04882813,98.2,97.69335175,98.9,98.96,99.35,99.2,99.67316508,99.74,99.83139359,99.8,99.89,99.88,99.89,
"Iran, Islamic Rep.",IRN,"Access to electricity, urban (% of urban population)",EG.ELC.ACCS.UR.ZS,,,,,,,,,,,,,,,,,,,,,,,,,,,,,,,,,,,,,,,,,100,99.92984009,99.87756348,99.8282547,99.79147339,99.77391815,100,99.79615784,99.82744598,100,99.90799713,99.94632721,99.97638702,99.98,100,100,99.99,100,100,100,
Iraq,IRQ,"Access to electricity, urban (% of urban population)",EG.ELC.ACCS.UR.ZS,,,,,,,,,,,,,,,,,,,,,,,,,,,,,,,,,,,,,,,,,,,,,,,99.5434927,99.45059967,99.51446533,99.58595276,99.66068268,100,99.69,99.86750793,99.92377472,99.96805573,99.991745,99.99906158,99.9,100,
Ireland,IRL,"Access to electricity, urban (% of urban population)",EG.ELC.ACCS.UR.ZS,,,,,,,,,,,,,,,,,,,,,,,,,,,,,,,99.89868927,99.94800568,99.98246765,99.99720001,100,100,100,100,99.99960327,99.99386597,100,100,100,100,100,100,100,100,100,100,100,100,100,100,100,100,100,100,100,100,
Isle of Man,IMN,"Access to electricity, urban (% of urban population)",EG.ELC.ACCS.UR.ZS,,,,,,,,,,,,,,,,,,,,,,,,,,,,,,,99.89868927,99.94800568,99.98246765,99.99720001,100,100,100,100,99.99960327,99.99386597,100,100,100,100,100,100,100,100,100,100,100,100,100,100,100,100,100,100,100,100,
Israel,ISR,"Access to electricity, urban (% of urban population)",EG.ELC.ACCS.UR.ZS,,,,,,,,,,,,,,,,,,,,,,,,,,,,,,,99.90260315,99.95056915,99.98358917,99.99742126,100,100,100,100,99.99958801,99.99378204,100,100,100,100,100,100,100,100,100,100,100,100,100,100,100,100,100,100,100,100,
Italy,ITA,"Access to electricity, urban (% of urban population)",EG.ELC.ACCS.UR.ZS,,,,,,,,,,,,,,,,,,,,,,,,,,,,,,,99.89868927,99.94800568,99.98246765,99.99720001,100,100,100,100,99.99960327,99.99386597,100,100,100,100,100,100,100,100,100,100,100,100,100,100,100,100,100,100,100,100,
Jamaica,JAM,"Access to electricity, urban (% of urban population)",EG.ELC.ACCS.UR.ZS,,,,,,,,,,,,,,,,,,,,,,,,,,,,,,,82.110334,86.21343231,86.79266357,87.36759949,87.93393707,88.48738098,92.356928,89.53840637,90.02931213,88.49866,90.99589539,92.721311,92.639077,92.41583252,92.904953,93.41330719,93.9421463,94.48735809,99.5,95.60936737,95.8,96.74436188,97.30665588,96.6,96.75,98,99.51654816,99.81465912,99.9697876,100,
Japan,JPN,"Access to electricity, urban (% of urban population)",EG.ELC.ACCS.UR.ZS,,,,,,,,,,,,,,,,,,,,,,,,,,,,,,,99.89776611,99.94740295,99.98220825,99.99714661,100,100,100,100,99.99960327,99.99388885,100,100,100,100,100,100,100,100,100,100,100,100,100,100,100,100,100,100,100,100,
Jordan,JOR,"Access to electricity, urban (% of urban population)",EG.ELC.ACCS.UR.ZS,,,,,,,,,,,,,,,,,,,,,,,,,,,,,,,99.23476686,99.31324768,99.39673615,99.47592163,99.54651642,99.60421753,99.64472198,99.8,99.65890503,99.63554382,99.665802,99.63102722,99.7,99.56440735,99.54642487,99.54766083,100,99,100,99.6,100,99.83605194,99.5,99.9377594,99.97422028,99.99342346,99.99926758,100,100,100,
Kazakhstan,KAZ,"Access to electricity, urban (% of urban population)",EG.ELC.ACCS.UR.ZS,,,,,,,,,,,,,,,,,,,,,,,,,,,,,,,,,,,,99.9,99.61514282,99.64561462,99.65222931,99.4,99.91201782,99.79,99.92,100,100,100,99.82867545,100,100,100,100,99.96874349,100,100,100,100,100,100,100,100,
Kenya,KEN,"Access to electricity, urban (% of urban population)",EG.ELC.ACCS.UR.ZS,,,,,,,,,,,,,,,,,,,,,,,,,,,,,,,,,,42.5,41.44920731,42.95762253,44.44884872,45.91858673,47.5,48.79181671,49.84477997,51.56413651,53.2821579,50.2,56.74193192,58.49729919,60.27316666,62.06539536,63.86961746,65.6,58.2,69.31048584,71.11980438,72.92440796,68.4,78.1,84.3,84.05198669,87.58280182,90.8,
Kiribati,KIR,"Access to electricity, urban (% of urban population)",EG.ELC.ACCS.UR.ZS,,,,,,,,,,,,,,,,,,,,,,,,,,,,,,,,,,,,,,,,,,,,,,93.61296473,91.7,91.05147552,90.72212982,88.56,89.54511559,89.7623291,89.50102234,89.29464722,89.00294495,88.31,88.97065735,89.02701569,88.88452148,88.61235809,
"Korea, Dem. People's Rep.",PRK,"Access to electricity, urban (% of urban population)",EG.ELC.ACCS.UR.ZS,,,,,,,,,,,,,,,,,,,,,,,,,,,,,,,,,,,,,,,,,,,,,,,,,,26,28,29,31,32,34,35,37,39,40,42,
"Korea, Rep.",KOR,"Access to electricity, urban (% of urban population)",EG.ELC.ACCS.UR.ZS,,,,,,,,,,,,,,,,,,,,,,,,,,,,,,,99.93544006,99.97116852,99.99241638,99.99917603,100,100,100,100,100,99.99660492,99.99633789,100,100,100,100,100,100,100,100,100,100,100,100,100,100,100,100,100,100,100,
Kosovo,XKX,"Access to electricity, urban (% of urban population)",EG.ELC.ACCS.UR.ZS,,,,,,,,,,,,,,,,,,,,,,,,,,,,,,,,,,,,,,,,,100,100,100,100,100,100,100,100,100,100,100,100,99.89,100,99.86,99.93,99.8,100,100,99.9,
Kuwait,KWT,"Access to electricity, urban (% of urban population)",EG.ELC.ACCS.UR.ZS,,,,,,,,,,,,,,,,,,,,,,,,,,,,,,,99.90260315,99.95056915,99.98358917,99.99742126,100,100,100,100,99.99958801,99.99378204,100,100,100,100,100,100,100,100,100,100,100,100,100,100,100,100,100,100,100,100,
Kyrgyz Republic,KGZ,"Access to electricity, urban (% of urban population)",EG.ELC.ACCS.UR.ZS,,,,,,,,,,,,,,,,,,,,,,,,,,,,,,,,,,,,,,100,99.93331909,99.89732361,99.66728973,99.60016632,100,99.46885681,99.41853333,99.77748109,98.51,99.59,99.38,99.48,99.14,99.3,99.8,98.95,99.9,98.66,99.53,100,100,99.72858429,
Lao PDR,LAO,"Access to electricity, urban (% of urban population)",EG.ELC.ACCS.UR.ZS,,,,,,,,,,,,,,,,,,,,,,,,,,,,,,,,,,97,95.26855469,95.42227173,95.55879974,95.67383575,95.76501465,95.83766937,96.06157684,96.12527466,96.18763733,97,96.33609009,92.2,94.13188143,97.42,99,96.99730682,97.15673065,97.31502533,97.43094456,97.61762238,97.78075409,97.8,98.73145294,99.5,99.62831116,99.84763336,
Latvia,LVA,"Access to electricity, urban (% of urban population)",EG.ELC.ACCS.UR.ZS,,,,,,,,,,,,,,,,,,,,,,,,,,,,,,,99.89868927,99.94800568,99.98246765,99.99720001,100,100,100,100,99.99960327,99.99386597,100,100,100,100,100,100,100,100,100,100,100,100,100,100,100,100,100,100,100,100,
Lebanon,LBN,"Access to electricity, urban (% of urban population)",EG.ELC.ACCS.UR.ZS,,,,,,,,,,,,,,,,,,,,,,,,,,,,,,,,,,,,,,,,,,,,,99.3685379,99.44396973,99.47873228,100,100,99.88802338,99.96312714,99.75331483,100,100,100,100,100,100,100,100,
Lesotho,LSO,"Access to electricity, urban (% of urban population)",EG.ELC.ACCS.UR.ZS,,,,,,,,,,,,,,,,,,,,,,,,,,,,,,,,,,,,,,,,,13.60089186,19.21591377,22.29332924,25.37634277,26.2,31.58664322,34.72190475,37.87352371,41.03713226,43.2,54.44,56.77414703,58.85359573,60.65007401,61.5,64.24946594,66.36043549,68.84,70.7,75.81772614,
Liberia,LBR,"Access to electricity, urban (% of urban population)",EG.ELC.ACCS.UR.ZS,,,,,,,,,,,,,,,,,,,,,,,,,,,,,,,,,,,,,,,,,,,,,,,,6.9,3.350184441,3.5,9.711553574,7.2,16.0692749,16.4,14.8,26.04174423,31.2,40.5,41.52999496,46.42185211,
Libya,LBY,"Access to electricity, urban (% of urban population)",EG.ELC.ACCS.UR.ZS,,,,,,,,,,,,,,,,,,,,,,,,,,,,,,,,,,,,,,,,,100,99.92825317,99.9693985,99.99183655,99.99902344,100,100,100,100,100,100,100,100,100,100,100,100,100,100,100,
Liechtenstein,LIE,"Access to electricity, urban (% of urban population)",EG.ELC.ACCS.UR.ZS,,,,,,,,,,,,,,,,,,,,,,,,,,,,,,,99.89868927,99.94800568,99.98246765,99.99720001,100,100,100,100,99.99960327,99.99386597,100,100,100,100,100,100,100,100,100,100,100,100,100,100,100,100,100,100,100,100,
Lithuania,LTU,"Access to electricity, urban (% of urban population)",EG.ELC.ACCS.UR.ZS,,,,,,,,,,,,,,,,,,,,,,,,,,,,,,,99.89868927,99.94800568,99.98246765,99.99720001,100,100,100,100,99.99960327,99.99386597,100,100,100,100,100,100,100,100,100,100,100,100,100,100,100,100,100,100,100,100,
Luxembourg,LUX,"Access to electricity, urban (% of urban population)",EG.ELC.ACCS.UR.ZS,,,,,,,,,,,,,,,,,,,,,,,,,,,,,,,99.89868927,99.94800568,99.98246765,99.99720001,100,100,100,100,99.99960327,99.99386597,100,100,100,100,100,100,100,100,100,100,100,100,100,100,100,100,100,100,100,100,
"Macao SAR, China",MAC,"Access to electricity, urban (% of urban population)",EG.ELC.ACCS.UR.ZS,,,,,,,,,,,,,,,,,,,,,,,,,,,,,,,99.87814331,99.93241882,99.97359467,99.99416351,99.99954224,100,100,100,99.99902344,99.99105835,100,100,100,100,100,100,100,100,100,100,100,100,100,100,100,100,100,100,100,100,
Madagascar,MDG,"Access to electricity, urban (% of urban population)",EG.ELC.ACCS.UR.ZS,,,,,,,,,,,,,,,,,,,,,,,,,,,,,,,,,46.9,40.77899933,41.96814728,43.14440155,44.3034668,38.1,46.55475998,47.64995193,47.85655975,42.08487,49.98831177,52.7,52.14245605,53.24501419,54.3680687,55.50748825,56.65889359,68.6,39.1,61.5,72.8,60.7,64.79953003,67.69562531,67.3,73.85566711,76.72386169,79.46238708,
Malawi,MWI,"Access to electricity, urban (% of urban population)",EG.ELC.ACCS.UR.ZS,,,,,,,,,,,,,,,,,,,,,,,,,,,,,,,,,19.8,18.61519814,19.81139183,20.99469376,22.16080284,23.30542564,24.42618752,25.52842712,28.7,27.85813522,28.91010284,37.14606,30.2,32.1270752,23.56792144,34.36305618,35.5012207,36.64699936,34.7,32.6,37.1,36.6,46.1,48.7,42,57.5,50.45684433,45.5,
Malaysia,MYS,"Access to electricity, urban (% of urban population)",EG.ELC.ACCS.UR.ZS,,,,,,,,,,,,,,,,,,,,,,,,,,,,,,,,,,,,,,,,,,,,,,,,,,99.9,99.75630188,99.90441132,99.9,99.99917603,100,100,100,100,100,100,
Maldives,MDV,"Access to electricity, urban (% of urban population)",EG.ELC.ACCS.UR.ZS,,,,,,,,,,,,,,,,,,,,,,,,,,,,,,,,,,,,,,,,,99.37071991,99.35180664,99.33155823,99.31690216,99.31478119,99.33187866,99.36946869,99.42342377,99.48937225,99.9,99.63974762,99.87055206,99.82067871,99.85279846,100,99.96002197,100,99.7,100,100,
Mali,MLI,"Access to electricity, urban (% of urban population)",EG.ELC.ACCS.UR.ZS,,,,,,,,,,,,,,,,,,,,,,,,,,,,,,,,,,,,,21.5,25.38090515,28.30039978,31.20137405,33.66070938,37,39.59176254,42.56222153,45.54520798,48.54741669,47.4,54.60919189,57.6602478,57.86163522,73.99308777,75.78186798,76,78.71813202,79.95943451,83.1,82.99317932,84.98,85.6,91.20275116,
Malta,MLT,"Access to electricity, urban (% of urban population)",EG.ELC.ACCS.UR.ZS,,,,,,,,,,,,,,,,,,,,,,,,,,,,,,,99.89868927,99.94800568,99.98246765,99.99720001,100,100,100,100,99.99960327,99.99386597,100,100,100,100,100,100,100,100,100,100,100,100,100,100,100,100,100,100,100,100,
Marshall Islands,MHL,"Access to electricity, urban (% of urban population)",EG.ELC.ACCS.UR.ZS,,,,,,,,,,,,,,,,,,,,,,,,,,,,,,,,,,,,,,,,88.91218262,89.24095154,89.5105896,89.77889252,90.05280304,90.3392334,90.64488983,90.97103882,91.6,91.66805267,92.03017426,92.39553833,92.4970405,93.11937714,93.47426605,93.8252182,94.17303467,94.68270874,95.26379395,95.64604187,95.89861298,
Mauritania,MRT,"Access to electricity, urban (% of urban population)",EG.ELC.ACCS.UR.ZS,,,,,,,,,,,,,,,,,,,,,,,,,,,,,,,,,,,,,,,,,,49.7,49.15656662,51.28746796,53.43089676,41.6,57.77669525,70.36633232,62.18770599,64.4068222,75.96569061,76.46807861,76.79129028,76.83152771,76.9,77.69166565,79.89411926,82.09500885,84.29510498,86.49507141,
Mauritius,MUS,"Access to electricity, urban (% of urban population)",EG.ELC.ACCS.UR.ZS,,,,,,,,,,,,,,,,,,,,,,,,,,,,,,,,,,,,,,,,,100,99.92176056,100,99.75434875,99.67832947,99.62152863,99.58522034,99.56528473,99.55732727,99.55699158,99.55990601,99.78,99.77519989,99.64358521,99.5397644,99.52513123,99.54385376,99.61,99.60723114,100,
Mexico,MEX,"Access to electricity, urban (% of urban population)",EG.ELC.ACCS.UR.ZS,,,,,,,,,,,,,,,,,,,,,,,,,,,,,,,,,98.584698,99.0915451,99.25589,99.23538208,99.076735,99.31045532,99.17507,99.29779816,99.430718,99.29982758,99.526178,99.25389862,99.390082,99.605581,99.705865,99.33836365,99.725953,99.46684265,99.703549,99.72532654,99.650006,99.76921844,99.63725,99.3,99.8,100,99.8,100,
"Micronesia, Fed. Sts.",FSM,"Access to electricity, urban (% of urban population)",EG.ELC.ACCS.UR.ZS,,,,,,,,,,,,,,,,,,,,,,,,,,,,,,,,,,,,,,,,,70,72.07307434,73.32457733,74.5816803,75.85131073,77.14016724,78.4495163,79.77522278,81.1129303,82.45824432,84.5912771,85.85588074,86.8269043,87.83512878,89.16928101,90.50029755,91.8289566,93.15604401,94.48234558,95.80850983,
Moldova,MDA,"Access to electricity, urban (% of urban population)",EG.ELC.ACCS.UR.ZS,,,,,,,,,,,,,,,,,,,,,,,,,,,,,,,,,,,,,,,,,100,100,100,100,100,99.4,100,100,100,100,100,100,100,100,100,100,100,99.95,99.97,100,
Monaco,MCO,"Access to electricity, urban (% of urban population)",EG.ELC.ACCS.UR.ZS,,,,,,,,,,,,,,,,,,,,,,,,,,,,,,,99.89868927,99.94800568,99.98246765,99.99720001,100,100,100,100,99.99960327,99.99386597,100,100,100,100,100,100,100,100,100,100,100,100,100,100,100,100,100,100,100,100,
Mongolia,MNG,"Access to electricity, urban (% of urban population)",EG.ELC.ACCS.UR.ZS,,,,,,,,,,,,,,,,,,,,,,,,,,,,,,,,,,,,,,,,,97.6054306,97.55007172,97.49338531,99.5,97.40373993,97.9,97.38556671,97.4030838,97.4325943,97.46972656,96.07942974,94.15539127,97.58395386,97.8,97.63980865,97.86612701,98.56737518,99.24267578,99.7,100,
Montenegro,MNE,"Access to electricity, urban (% of urban population)",EG.ELC.ACCS.UR.ZS,,,,,,,,,,,,,,,,,,,,,,,,,,,,,,,,,,,,,,,,,100,100,100,100,100,100,100,100,100,100,100,100,100,99.6,99.6,100,100,100,100,100,
Morocco,MAR,"Access to electricity, urban (% of urban population)",EG.ELC.ACCS.UR.ZS,,,,,,,,,,,,,,,,,,,,,,,,,,,,,,,,,84.7,90.03056335,90.50170135,90.6,91.40098572,91.82054901,92.21625519,92.59342957,98.48,93.33049774,93.67788696,94.03088379,94.6,94.78115082,99.26,95.60798645,96.0415802,96.48278809,96.92723846,97.37056732,97.80925751,98.7,95.2,99.10018158,99.3,100,99.3,100,
Mozambique,MOZ,"Access to electricity, urban (% of urban population)",EG.ELC.ACCS.UR.ZS,,,,,,,,,,,,,,,,,,,,,,,,,,,,,,,,,,,,,,25.8,18.60036659,21.10879135,23.21189117,20.1,28.27413177,25,33.35876846,35.92656708,38.51486969,37.5,38.88888889,43.1,56.28733826,54.5,60.01550293,61.50702667,68,68,66.27671814,60.5,72.2,72.50021362,
Myanmar,MMR,"Access to electricity, urban (% of urban population)",EG.ELC.ACCS.UR.ZS,,,,,,,,,,,,,,,,,,,,,,,,,,,,,,,,,,,,,,,,,,,83.24530029,83.73432159,84.23586273,84.75662231,85.29788971,85.8555069,86.42512512,87.00234985,89,88.35561371,89.05771637,89.47685242,85.5,90.8,92.3,92.5545213,92.19425964,92.67173767,
Namibia,NAM,"Access to electricity, urban (% of urban population)",EG.ELC.ACCS.UR.ZS,,,,,,,,,,,,,,,,,,,,,,,,,,,,,,,,,66,71,72.02199554,71.9486618,71.85813904,71.74612427,71.61025238,71.45586395,73.2,71.67098236,71.76634979,71.8673172,71.98081207,72.11352539,72.26673889,77.6,72.61788177,78.4,72.99948883,70.1,73.37744904,72.2,73.73741913,74.6,69.3,74.25576782,74.42593384,74.59596252,
Nauru,NRU,"Access to electricity, urban (% of urban population)",EG.ELC.ACCS.UR.ZS,,,,,,,,,,,,,,,,,,,,,,,,,,,,,,,,,,,,,,,,,97.04824829,97.13904572,97.22851563,97.32357788,97.4311676,97.5579834,97.70529175,97.86896515,98.04463196,98.22790527,98.41443634,99,99.12800598,99.15544128,99.12875366,99,99.53288269,99.82304382,99.91436768,100,
Nepal,NPL,"Access to electricity, urban (% of urban population)",EG.ELC.ACCS.UR.ZS,,,,,,,,,,,,,,,,,,,,,,,,,,,,,,,,,,,,,78.4,82.29557037,83.03683472,83.75957489,84.92729187,85.7,86.1829834,87.42,87.4,88.12561035,90.1,89.51202393,90.22540283,90.94639587,95.5,94.11,95.66748047,95.51186371,97.7,95.24252319,94.5,96.64962006,95.75,94.2,
Netherlands,NLD,"Access to electricity, urban (% of urban population)",EG.ELC.ACCS.UR.ZS,,,,,,,,,,,,,,,,,,,,,,,,,,,,,,,99.89868927,99.94800568,99.98246765,99.99720001,100,100,100,100,99.99960327,99.99386597,100,100,100,100,100,100,100,100,100,100,100,100,100,100,100,100,100,100,100,100,
New Caledonia,NCL,"Access to electricity, urban (% of urban population)",EG.ELC.ACCS.UR.ZS,,,,,,,,,,,,,,,,,,,,,,,,,,,,,,,99.94182587,99.97427368,99.99344635,99.99935913,100,100,100,100,100,99.99586487,100,100,100,100,100,100,100,100,100,100,100,100,100,100,100,100,100,100,100,100,
New Zealand,NZL,"Access to electricity, urban (% of urban population)",EG.ELC.ACCS.UR.ZS,,,,,,,,,,,,,,,,,,,,,,,,,,,,,,,99.9171524,99.96009827,99.98775482,99.99822998,100,100,100,100,99.99954224,99.99346924,100,100,100,100,100,100,100,100,100,100,100,100,100,100,100,100,100,100,100,100,
Nicaragua,NIC,"Access to electricity, urban (% of urban population)",EG.ELC.ACCS.UR.ZS,,,,,,,,,,,,,,,,,,,,,,,,,,,,,,,,,,93.545318,91.57472992,91.94684601,92.30177307,92.63520813,90.707303,93.23584747,93.55519867,91.886024,94.12906647,94.42093658,94.72533417,95.431992,95.39305878,95.75354004,96.12599945,97.937148,96.88941193,97.5535202,98.04532623,98.25415802,98.406807,98.7567215,99.17578125,99.64733887,99.84306335,100,
Niger,NER,"Access to electricity, urban (% of urban population)",EG.ELC.ACCS.UR.ZS,,,,,,,,,,,,,,,,,,,,,,,,,,,,,,,,,26.7,31.90649223,33.11924362,34.31910324,35.50177002,36.66294861,36.5,38.91906738,40.67278287,41.14536285,42.26002502,43.38028336,44.51306915,45.66507339,47.2,48.02644348,49.22729874,50.43577194,63.18044662,59.9,61.8,59.06547546,57.36011124,60.2,58.84856415,60.0388031,47.63,49.90122604,
Nigeria,NGA,"Access to electricity, urban (% of urban population)",EG.ELC.ACCS.UR.ZS,,,,,,,,,,,,,,,,,,,,,,,,,,,,,,,82.4,83.81515503,83.87937927,83.93930817,83.99063873,84.02907562,84.05032349,84.05008698,84.02598572,84.3,83.98655701,83.93946838,83.89105225,84.9,83.81794739,83.80687714,83.81630707,86.16288264,84.8,83.92527771,79.8,87.1,84.0643158,83.6,84.13671112,81.5,86,86.8,81.7,83.9,
North Macedonia,MKD,"Access to electricity, urban (% of urban population)",EG.ELC.ACCS.UR.ZS,,,,,,,,,,,,,,,,,,,,,,,,,,,,,,,,,,,,,,,,,100,100,100,100,99.83,100,98,100,99.19,100,100,99.79474548,100,100,100,100,100,100,99.8,100,
Northern Mariana Islands,MNP,"Access to electricity, urban (% of urban population)",EG.ELC.ACCS.UR.ZS,,,,,,,,,,,,,,,,,,,,,,,,,,,,,,,99.83689117,99.89324951,99.94395447,99.98055267,99.99681091,100,100,99.99954987,99.99385071,99.9713974,100,100,99.86952972,99.81907654,99.78115082,99.76245117,99.76424408,100,100,100,100,100,100,100,100,100,100,100,100,100,
Norway,NOR,"Access to electricity, urban (% of urban population)",EG.ELC.ACCS.UR.ZS,,,,,,,,,,,,,,,,,,,,,,,,,,,,,,,99.89868927,99.94800568,99.98246765,99.99720001,100,100,100,100,99.99960327,99.99386597,100,100,100,100,100,100,100,100,100,100,100,100,100,100,100,100,100,100,100,100,
Oman,OMN,"Access to electricity, urban (% of urban population)",EG.ELC.ACCS.UR.ZS,,,,,,,,,,,,,,,,,,,,,,,,,,,,,,,99.93586731,99.97125244,99.99234009,99.99913025,100,100,100,100,99.99960327,99.99364471,100,99.99751282,99.98445129,99.9551239,99.91845703,99.87944031,99.86914063,100,100,100,100,100,100,100,100,100,100,100,100,100,
Pakistan,PAK,"Access to electricity, urban (% of urban population)",EG.ELC.ACCS.UR.ZS,,,,,,,,,,,,,,,,,,,,,,,,,,,,,,,,,,,,,,,93.14,93.45879364,93.7443924,94.03435516,94.32299805,94.61723328,94.92399597,95.24997711,95.59645844,95.95930481,96.33413696,96.71659088,97.10228729,97.48685455,97.86678314,98.24200439,98.61328888,98.98143768,99.347229,99.71144867,99.8870697,100,
Palau,PLW,"Access to electricity, urban (% of urban population)",EG.ELC.ACCS.UR.ZS,,,,,,,,,,,,,,,,,,,,,,,,,,,,,,,,,,,,,,,,,99.13503265,99.11812592,99.09989166,99.08725739,99.08714294,99.69929836,99.14586639,99.20183563,99.26979065,99.34536743,99.42419434,99.50188446,98.49097512,99.64328766,100,99.7689743,100,100,100,100,
Panama,PAN,"Access to electricity, urban (% of urban population)",EG.ELC.ACCS.UR.ZS,,,,,,,,,,,,,,,,,,,,,,,,,,,,,,,95.56,95.68560791,95.88787079,96.08583069,96.27519989,96.45166779,96.61095428,96.74874878,96.86268616,96.95809937,97.19,97.15073395,97.22380066,97.30245972,97.39365387,97.50405884,97.63497162,97.78224182,97.9414978,98.10837555,98.7,98.66794586,98.80713654,98.3,98.92720032,99.07977295,99.2299881,99.37863922,99.52649689,99.67422485,
Papua New Guinea,PNG,"Access to electricity, urban (% of urban population)",EG.ELC.ACCS.UR.ZS,,,,,,,,,,,,,,,,,,,,,,,,,,,,,,,,,,,,,63.1,60.52838898,61.33932114,62.13172913,63.00318527,63.77085114,64.53718567,65.30912018,66.09357452,66.89725494,61.3,68.56197357,69.414505,69.6,71.2,73.02848816,74.48100281,75.65054321,76.73474884,77.99606323,79.3,80.88654327,82.1199646,83.22370911,
Paraguay,PRY,"Access to electricity, urban (% of urban population)",EG.ELC.ACCS.UR.ZS,,,,,,,,,,,,,,,,,,,,,,,,,,,,,,,,,,,,96.450145,97.23674011,97.566108,97.47727203,97.515368,97.66030121,97.925846,97.754926,97.80421,97.533542,98.394309,98.536399,98.833535,99.009049,98.388943,99.495933,99.555902,99.638662,99.771428,99.831939,99.815336,99.9,99.8,99.9,100,
Peru,PER,"Access to electricity, urban (% of urban population)",EG.ELC.ACCS.UR.ZS,,,,,,,,,,,,,,,,,,,,,,,,,,,,,,,,,90.3,91.29398346,91.68619537,92.06550598,92,91.792103,93.421129,95.064564,95.160342,92.363804,93.830749,93.762531,94.305688,94.65564,96.160471,95.809539,97.041166,97.476145,98.142493,98.376636,98.629566,98.779725,98.880892,98.874896,98.9,98.9,99,100,
Philippines,PHL,"Access to electricity, urban (% of urban population)",EG.ELC.ACCS.UR.ZS,,,,,,,,,,,,,,,,,,,,,,,,,,,,,,,,,,83.7,87.28197479,87.73193359,88.16469574,88.57597351,91.1,90.13870288,89.80179596,90.16904449,90.53495789,92,91.29051208,91.69377899,92.3,92.55765533,93.7,94.13,93.93247223,94.39431763,94.66,94.1,95.75258636,95.91,96.64108276,96.4,97.52329254,97.96386719,
Poland,POL,"Access to electricity, urban (% of urban population)",EG.ELC.ACCS.UR.ZS,,,,,,,,,,,,,,,,,,,,,,,,,,,,,,,99.89868927,99.94800568,99.98246765,99.99720001,100,100,100,100,99.99960327,99.99386597,100,100,100,100,100,100,100,100,100,100,100,100,100,100,100,100,100,100,100,100,
Portugal,PRT,"Access to electricity, urban (% of urban population)",EG.ELC.ACCS.UR.ZS,,,,,,,,,,,,,,,,,,,,,,,,,,,,,,,99.89868927,99.94800568,99.98246765,99.99720001,100,100,100,100,99.99960327,99.99386597,100,100,100,100,100,100,100,100,100,100,100,100,100,100,100,100,100,100,100,100,
Puerto Rico,PRI,"Access to electricity, urban (% of urban population)",EG.ELC.ACCS.UR.ZS,,,,,,,,,,,,,,,,,,,,,,,,,,,,,,,100,100,100,100,100,100,100,100,100,100,100,100,100,100,100,100,100,100,100,100,100,100,100,100,100,100,100,100,100,100,
Qatar,QAT,"Access to electricity, urban (% of urban population)",EG.ELC.ACCS.UR.ZS,,,,,,,,,,,,,,,,,,,,,,,,,,,,,,,99.90260315,99.95056915,99.98358917,99.99742126,100,100,100,100,99.99958801,99.99378204,100,100,100,100,100,100,100,100,100,100,100,100,100,100,100,100,100,100,100,100,
Romania,ROU,"Access to electricity, urban (% of urban population)",EG.ELC.ACCS.UR.ZS,,,,,,,,,,,,,,,,,,,,,,,,,,,,,,,99.92218018,99.96325684,99.98908997,99.99848938,100,100,100,100,99.99925995,99.99197388,100,100,100,100,100,100,100,100,100,100,100,100,100,100,100,100,99.5,100,100,100,
Russian Federation,RUS,"Access to electricity, urban (% of urban population)",EG.ELC.ACCS.UR.ZS,,,,,,,,,,,,,,,,,,,,,,,,,,,,,,,100,100,100,100,100,100,100,100,99.99563599,99.97242737,100,100,100,100,100,100,100,100,100,100,100,100,100,100,100,95.1,100,100,100,100,
Rwanda,RWA,"Access to electricity, urban (% of urban population)",EG.ELC.ACCS.UR.ZS,,,,,,,,,,,,,,,,,,,,,,,,,,,,,,,,,31.1,18.52530479,20.81332779,23.08845901,25.34639931,27.58285141,29.79544449,31.9895134,38.9,36.21802521,38.43292618,40.65342331,42.88644791,25.1,47.41143417,49.70053864,28.1,54.3103447,44.5,58.2,67.6,61.5,71.8,72.9,79.97,84.8,88.6018219,93.05831146,
Samoa,WSM,"Access to electricity, urban (% of urban population)",EG.ELC.ACCS.UR.ZS,,,,,,,,,,,,,,,,,,,,,,,,,,,,,,,,97.01043701,97.16763306,97.32052612,97.46482849,97.59623718,97.71045685,97.80318451,97.87205505,97.92240143,98.07135773,98.11183929,98.15098572,98.19572449,98.25299835,98.32949066,98.57225545,98.53983307,98.2,99.7,98.93434143,98.68250139,99.19985199,99.32558441,99.4,99.56603241,99.85751343,99.93048096,99.9910965,100,
San Marino,SMR,"Access to electricity, urban (% of urban population)",EG.ELC.ACCS.UR.ZS,,,,,,,,,,,,,,,,,,,,,,,,,,,,,,,99.89868927,99.94800568,99.98246765,99.99720001,100,100,100,100,99.99960327,99.99386597,100,100,100,100,100,100,100,100,100,100,100,100,100,100,100,100,100,100,100,100,
Sao Tome and Principe,STP,"Access to electricity, urban (% of urban population)",EG.ELC.ACCS.UR.ZS,,,,,,,,,,,,,,,,,,,,,,,,,,,,,,,,,,,,,,,,,64.09318,64.01712036,64.59477234,65.17802429,65.77380371,66.38880157,67.02429962,67.67615509,68.34000397,69.8,69.68618011,70.35975647,65.3,71.69293213,75.8,73.01039886,73.72340393,73.52,76.7,77.57623291,
Saudi Arabia,SAU,"Access to electricity, urban (% of urban population)",EG.ELC.ACCS.UR.ZS,,,,,,,,,,,,,,,,,,,,,,,,,,,,,,,100,100,100,100,100,100,100,100,100,100,100,100,99.99864197,99.9908905,100,100,100,100,100,100,100,100,100,100,100,100,100,100,100,100,
Senegal,SEN,"Access to electricity, urban (% of urban population)",EG.ELC.ACCS.UR.ZS,,,,,,,,,,,,,,,,,,,,,,,,,,,,,,,,,,58.6,66.17266846,67.28967285,68.38948059,68.9,70.5222702,72.8,74.64,73.56349182,74.16916,75.71885681,76.81186676,80.4,83.6,80.20591736,81.36699677,83.4,83.79483032,87.8,86.26586151,87.8,85,86.9,87.7,91.7,93.5,95.2,
Serbia,SRB,"Access to electricity, urban (% of urban population)",EG.ELC.ACCS.UR.ZS,,,,,,,,,,,,,,,,,,,,,,,,,,,,,,,,,,,,,,,,,100,100,100,100,100,99.76456739,100,100,100,100,99.8663459,100,100,99.93,99.81656184,99.9,100,100,100,99.9,
Seychelles,SYC,"Access to electricity, urban (% of urban population)",EG.ELC.ACCS.UR.ZS,,,,,,,,,,,,,,,,,,,,,,,,,,,,,,,,,,,100,100,100,100,100,100,99.0763092,99.06069183,99.04374695,99.03240204,99.03358459,99.0539856,99.09487915,99.15214539,99.22138977,99.29826355,99.5062027,99.85259247,99.78759003,99.54,100,100,100,100,100,100,
Sierra Leone,SLE,"Access to electricity, urban (% of urban population)",EG.ELC.ACCS.UR.ZS,,,,,,,,,,,,,,,,,,,,,,,,,,,,,,,,,,,,,,,,,,,,,29.13280678,35.85185185,32.01836777,33.48775864,33.1,36.45813751,34.34035477,35.75,40.9279747,41.4,43.88757324,45.36226654,46.9,48.7,53.2,51.4,
Singapore,SGP,"Access to electricity, urban (% of urban population)",EG.ELC.ACCS.UR.ZS,,,,,,,,,,,,,,,,,,,,,,,,,,,,,,,99.89776611,99.94740295,99.98220825,99.99714661,100,100,100,100,99.99960327,99.99388885,100,100,100,100,100,100,100,100,100,100,100,100,100,100,100,100,100,100,100,100,
Sint Maarten (Dutch part),SXM,"Access to electricity, urban (% of urban population)",EG.ELC.ACCS.UR.ZS,,,,,,,,,,,,,,,,,,,,,,,,,,,,,,,98.8119812,98.90909576,99.00549316,99.09759521,99.18109894,99.25171661,99.30513763,99.33706665,99.34514618,99.33469391,99.79793549,99.75377655,99.70828247,99.668396,99.64102936,99.63288879,99.64524841,99.67396545,99.71466827,99.76299286,100,100,100,100,100,100,100,100,100,100,
Slovak Republic,SVK,"Access to electricity, urban (% of urban population)",EG.ELC.ACCS.UR.ZS,,,,,,,,,,,,,,,,,,,,,,,,,,,,,,,99.89868927,99.94800568,99.98246765,99.99720001,100,100,100,100,99.99960327,99.99386597,100,100,100,100,100,100,100,100,100,100,100,100,100,100,100,100,100,100,100,100,
Slovenia,SVN,"Access to electricity, urban (% of urban population)",EG.ELC.ACCS.UR.ZS,,,,,,,,,,,,,,,,,,,,,,,,,,,,,,,99.89868927,99.94800568,99.98246765,99.99720001,100,100,100,100,99.99960327,99.99386597,100,100,100,100,100,100,100,100,100,100,100,100,100,100,100,100,100,100,100,100,
Solomon Islands,SLB,"Access to electricity, urban (% of urban population)",EG.ELC.ACCS.UR.ZS,,,,,,,,,,,,,,,,,,,,,,,,,,,,,,,,,,,,,,,,55.1,59.07605743,59.65779877,60.23821259,60.82422256,61.42276001,62.0405159,61.2,68.6,63.99999619,71.37,65.3516922,66.02803802,66.69973755,60.4,68.02979279,67.6,69.34727478,71.91034698,74.3377533,76.63547516,
Somalia,SOM,"Access to electricity, urban (% of urban population)",EG.ELC.ACCS.UR.ZS,,,,,,,,,,,,,,,,,,,,,,,,,,,,,,,,,,,,,,,,,,,22.2,27.9714241,30.27942276,32.60663986,38.1155303,37.31843567,39.69450378,42.07818985,44.46512222,46.85092545,49.23209,51.60853958,53.98106384,56.35044479,58.71747208,61.08292389,63.44759369,65.81212616,
South Africa,ZAF,"Access to electricity, urban (% of urban population)",EG.ELC.ACCS.UR.ZS,,,,,,,,,,,,,,,,,,,,,,,,,,,,,,,,,,,,,84.96154022,85.27060699,84.2,85.82250977,85.65252686,85.7064743,85.75908661,87.7,85.88803864,85.97800446,86.08846283,86.21527863,86.35408783,86.5005188,86.65019226,86.79873657,86.94264221,87.08184052,87.21710205,87.34922791,87.47899628,87.60719299,87.73459625,87.86187744,
South Sudan,SSD,"Access to electricity, urban (% of urban population)",EG.ELC.ACCS.UR.ZS,,,,,,,,,,,,,,,,,,,,,,,,,,,,,,,,,,,,,,,,,,,,,,,,,,16.6,4,10.67063046,10.86472416,11.05410385,11.23955536,11.42186546,11.60181808,9.6,12.30444717,13.12843037,
Spain,ESP,"Access to electricity, urban (% of urban population)",EG.ELC.ACCS.UR.ZS,,,,,,,,,,,,,,,,,,,,,,,,,,,,,,,99.89868927,99.94800568,99.98246765,99.99720001,100,100,100,100,99.99960327,99.99386597,100,100,100,100,100,100,100,100,100,100,100,100,100,100,100,100,100,100,100,100,
Sri Lanka,LKA,"Access to electricity, urban (% of urban population)",EG.ELC.ACCS.UR.ZS,,,,,,,,,,,,,,,,,,,,,,,,,,,,,,,,,,,,,,,,,,85.3,91.3,90.61854553,91.31611633,92.03290558,94.4,95.3,94.28948975,95.61,95.6,96.83,97.71,98,98.91348267,99.67243958,99,99.97952271,100,100,
St. Kitts and Nevis,KNA,"Access to electricity, urban (% of urban population)",EG.ELC.ACCS.UR.ZS,,,,,,,,,,,,,,,,,,,,,,,,,,,,,,,,,,,,,,,,,99.5763855,99.54561615,99.51351929,99.48701477,99.47304535,99.47828674,99.50403595,99.54614258,99.60023499,99.66194916,99.72690582,100,100,100,100,100,100,100,100,100,
St. Lucia,LCA,"Access to electricity, urban (% of urban population)",EG.ELC.ACCS.UR.ZS,,,,,,,,,,,,,,,,,,,,,,,,,,,,,,,,,,,,,,,,,,95.9,95.32461548,95.20574188,95.09939575,95.01226807,94.94564056,94.89537048,94.85709381,94.8264389,94.79902649,94.77048492,94.11764706,94.69940948,94.8415451,95.31733704,95.99002838,96.63676453,97.08466339,97.40287781,
St. Martin (French part),MAF,"Access to electricity, urban (% of urban population)",EG.ELC.ACCS.UR.ZS,,,,,,,,,,,,,,,,,,,,,,,,,,,,,,,,,,,,,,,,,99.79793549,99.75377655,99.70828247,99.668396,99.64102936,99.63288879,99.64524841,99.67396545,99.71466827,99.76299286,100,100,100,100,100,100,100,100,100,100,
St. Vincent and the Grenadines,VCT,"Access to electricity, urban (% of urban population)",EG.ELC.ACCS.UR.ZS,,,,,,,,,,,,,,,,,,,,,,,,,,,,,,,,81.13241577,81.7978363,82.45896149,83.11149597,83.75113678,84.37358093,84.97454071,85.55164337,86.11022186,86.4887085,86.67,87.67404175,88.27164459,88.88176727,89.51111603,90.16096497,91.23,91.50536346,92.19117737,92.88024139,93.56816864,94.25146484,94.93004608,95.60469818,96.27620697,96.94535828,97.61293793,98.27973938,98.9464035,
Sudan,SDN,"Access to electricity, urban (% of urban population)",EG.ELC.ACCS.UR.ZS,,,,,,,,,,,,,,,,,,,,,,,,,,,,,,,66.1,63.66651535,64.00644684,64.34207916,64.66911316,64.98325348,65.28020477,65.55567169,65.80727386,66.0403595,66.08204651,66.26278687,66.44226074,66.62737274,66.82504272,67.04195404,67.27934265,67.53303528,67.79860687,58,72.32286072,73.65068054,74.79798126,75.65996552,76.3,77.38508606,78.53261566,79.65647125,80.58518982,81.38644409,
Suriname,SUR,"Access to electricity, urban (% of urban population)",EG.ELC.ACCS.UR.ZS,,,,,,,,,,,,,,,,,,,,,,,,,,,,,,,,,,,,,,,,99.62406,97.85953522,97.81021118,97.759552,97.7144928,97.68196106,97.66864777,95.63264287,97.69937897,97.73491669,97.77807617,97.197733,97.86974335,98.02142334,98.0900116,98.07327271,98.23364258,98.59091187,98.92223358,99,99.05751038,
Sweden,SWE,"Access to electricity, urban (% of urban population)",EG.ELC.ACCS.UR.ZS,,,,,,,,,,,,,,,,,,,,,,,,,,,,,,,99.89868927,99.94800568,99.98246765,99.99720001,100,100,100,100,99.99960327,99.99386597,100,100,100,100,100,100,100,100,100,100,100,100,100,100,100,100,100,100,100,100,
Switzerland,CHE,"Access to electricity, urban (% of urban population)",EG.ELC.ACCS.UR.ZS,,,,,,,,,,,,,,,,,,,,,,,,,,,,,,,99.89868927,99.94800568,99.98246765,99.99720001,100,100,100,100,99.99960327,99.99386597,100,100,100,100,100,100,100,100,100,100,100,100,100,100,100,100,100,100,100,100,
Syrian Arab Republic,SYR,"Access to electricity, urban (% of urban population)",EG.ELC.ACCS.UR.ZS,,,,,,,,,,,,,,,,,,,,,,,,,,,,,,,,,,,,,,,,,,,99.5,99.43787384,99.53541565,99.65218353,99.75750793,99.90427399,99.97261047,99.9964447,100,100,100,100,100,100,100,100,100,100,
Tajikistan,TJK,"Access to electricity, urban (% of urban population)",EG.ELC.ACCS.UR.ZS,,,,,,,,,,,,,,,,,,,,,,,,,,,,,,,,,,,,,,,,99.91789246,99.69512195,99.7425766,99.64054871,99.9,99.46021271,99.7,99.35134125,99.32351685,99.30768585,98.86,99.29449463,99.28839874,99.8,99.26220703,99.24282837,98.5,99.19542694,99.2,99.2,99.11437988,
Tanzania,TZA,"Access to electricity, urban (% of urban population)",EG.ELC.ACCS.UR.ZS,,,,,,,,,,,,,,,,,,,,,,,,,,,,,,,,,23.9,24.2071991,25.58889008,26.95768929,35.5,29.63941765,30.9456768,27.3,33.02496338,34.50001526,35.97373199,36.5,38.9,40.45596313,41.98752594,43.53544998,40.1,43.5,46.2,42.9,46.4,50.3,53.6,58.68988419,65.3,65.75624847,69.07761383,73.2,
Thailand,THA,"Access to electricity, urban (% of urban population)",EG.ELC.ACCS.UR.ZS,,,,,,,,,,,,,,,,,,,,,,,,,,,,,,,,,,,,,,,,,99.9,99.58638,99.53684998,99.49291992,99.46151733,99.44934082,99.62600985,99.48233032,99.51899719,99.01,100,99.81819153,99.44981977,99.88172913,99.76914978,99.7,99.8476944,99.9,99.91,99.9,
Timor-Leste,TLS,"Access to electricity, urban (% of urban population)",EG.ELC.ACCS.UR.ZS,,,,,,,,,,,,,,,,,,,,,,,,,,,,,,,,,,,,,,,,,,70.78120422,72.47065735,73.6,75.87328339,77.60007477,79.34736633,82.3,82.88667297,84.66993713,83.4,88.24182129,90.02256775,91.79859161,94.77,95.85050201,98.4,99.30258942,99.89048767,100,
Togo,TGO,"Access to electricity, urban (% of urban population)",EG.ELC.ACCS.UR.ZS,,,,,,,,,,,,,,,,,,,,,,,,,,,,,,,,,,,,,,,41.2,42.68698502,38.50896861,47.77182388,50.15248108,52.53873825,54.93751907,57.35552597,64.9,62.24888992,64.71574402,67.19021606,66.50394292,77.9,76.37752533,78.09285736,83.2,82.00717926,84.46498871,88.8,83.1,91.83200073,
Tonga,TON,"Access to electricity, urban (% of urban population)",EG.ELC.ACCS.UR.ZS,,,,,,,,,,,,,,,,,,,,,,,,,,,,,,,,,,,96.13322449,96.26638794,96.38235474,96.47684479,96.54747009,96.59957123,96.33615875,96.44274139,96.54798889,96.65883636,96.7822113,96.92480469,97.71,97.26735687,97.45880127,97.6578598,97.86016846,97.32290926,97.7,98.44971466,98.63761902,100,98.63,99.73300934,99.93757629,100,
Trinidad and Tobago,TTO,"Access to electricity, urban (% of urban population)",EG.ELC.ACCS.UR.ZS,,,,,,,,,,,,,,,,,,,,,,,,,,,,,,,,,,,,,,,,,100,99.99412537,99.97369385,99.93608093,99.88635254,99.85844421,100,100,100,100,100,100,100,100,100,100,100,100,100,100,
Tunisia,TUN,"Access to electricity, urban (% of urban population)",EG.ELC.ACCS.UR.ZS,,,,,,,,,,,,,,,,,,,,,,,,,,,,,,,,,,,99.76972961,99.81211853,99.83732605,99.84104156,99.82089996,99.78223419,99.87430573,99.82350159,99.77136993,99.72483826,99.69083405,99.67,99.6817627,100,99.73790741,99.77958679,99.93,99.79173342,99.91776276,99.93995667,99.96931458,99.9,99.99822998,99.99998474,99.9,100,
Turkey,TUR,"Access to electricity, urban (% of urban population)",EG.ELC.ACCS.UR.ZS,,,,,,,,,,,,,,,,,,,,,,,,,,,,,,,,,,,,,,,,,,,,,,,,,,,100,100,100,100,100,100,100,100,100,100,
Turkmenistan,TKM,"Access to electricity, urban (% of urban population)",EG.ELC.ACCS.UR.ZS,,,,,,,,,,,,,,,,,,,,,,,,,,,,,,,,,,,,,,,,,99.7,99.727005,99.68540955,99.64940643,99.62593079,99.62167358,99.86910995,99.6705246,99.71511841,99.76732635,100,99.96885681,99.99377441,100,100,100,100,100,100,99.9,
Turks and Caicos Islands,TCA,"Access to electricity, urban (% of urban population)",EG.ELC.ACCS.UR.ZS,,,,,,,,,,,,,,,,,,,,,,,,,,,,,,,99.31136322,99.38908386,99.46608734,99.53878784,99.60290527,99.6541214,99.6881485,99.70068359,99.68936157,99.65952301,99.95111847,99.90349579,99.84902191,99.79920197,99.76191711,99.74385071,99.74627686,99.76506805,99.79585266,100,100,100,100,100,100,100,100,100,100,100,
Tuvalu,TUV,"Access to electricity, urban (% of urban population)",EG.ELC.ACCS.UR.ZS,,,,,,,,,,,,,,,,,,,,,,,,,,,,,,,,,,,,,,,,,,,95.4,96.29360962,96.55391693,96.83345032,97.13348389,98.6,97.77825165,98.11425018,98.45349884,98.79161835,98.81656805,99.45385742,99.77869415,99.91053772,99.98616791,100,100,100,
Uganda,UGA,"Access to electricity, urban (% of urban population)",EG.ELC.ACCS.UR.ZS,,,,,,,,,,,,,,,,,,,,,,,,,,,,,,,,33.6,35.02431488,35.88505173,36.73719025,40.2,38.39849472,39.19906235,39.97576904,40.73395538,41.05090332,43.9,39.3,44.21355057,45.28358459,49,41.8,48.6086998,49.74680328,45,48,55.4,54.33252335,55.4710083,51.4,51.9,57.5,63.16916656,70.1,70.8,
Ukraine,UKR,"Access to electricity, urban (% of urban population)",EG.ELC.ACCS.UR.ZS,,,,,,,,,,,,,,,,,,,,,,,,,,,,,,,,,,,,,,,,,100,100,100,100,100,99.94476664,100,99.9,100,100,100,100,99.91589571,100,100,100,100,100,100,100,
United Arab Emirates,ARE,"Access to electricity, urban (% of urban population)",EG.ELC.ACCS.UR.ZS,,,,,,,,,,,,,,,,,,,,,,,,,,,,,,,99.90260315,99.95056915,99.98358917,99.99742126,100,100,100,100,99.99958801,99.99378204,100,100,100,100,100,100,100,100,100,100,100,100,100,100,100,100,100,100,100,100,
United Kingdom,GBR,"Access to electricity, urban (% of urban population)",EG.ELC.ACCS.UR.ZS,,,,,,,,,,,,,,,,,,,,,,,,,,,,,,,99.89868927,99.94800568,99.98246765,99.99720001,100,100,100,100,99.99960327,99.99386597,100,100,100,100,100,100,100,100,100,100,100,100,100,100,100,100,100,100,100,100,
United States,USA,"Access to electricity, urban (% of urban population)",EG.ELC.ACCS.UR.ZS,,,,,,,,,,,,,,,,,,,,,,,,,,,,,,,99.90289307,99.95075989,99.9836731,99.99743652,100,100,100,100,99.99958801,99.99377441,100,100,100,100,100,100,100,100,100,100,100,100,100,100,100,100,100,100,100,100,
Uruguay,URY,"Access to electricity, urban (% of urban population)",EG.ELC.ACCS.UR.ZS,,,,,,,,,,,,,,,,,,,,,,,,,,,,,,,,,98.379169,98.93338013,99.01781464,99.097572,99.315544,99.310103,99.337214,99.17603302,99.33749,99.2040329,99.18379211,99.16915131,99.16704559,99.1841507,99.328071,99.391608,99.472839,99.5,99.6,99.43,99.8,99.752604,99.778072,99.806205,99.8,99.8,99.8,99.9,
Uzbekistan,UZB,"Access to electricity, urban (% of urban population)",EG.ELC.ACCS.UR.ZS,,,,,,,,,,,,,,,,,,,,,,,,,,,,,,,,,,,,,100,99.7347641,99.78244781,99.81161499,99.89804077,99.89546204,99.9,99.89324188,99.91697693,99.94673157,99.7918293,99.99501038,99.99967957,100,100,100,100,100,100,100,100,100,100,100,
Vanuatu,VUT,"Access to electricity, urban (% of urban population)",EG.ELC.ACCS.UR.ZS,,,,,,,,,,,,,,,,,,,,,,,,,,,,,,,,,,,73.75106812,74.48665619,75.20504761,75.90195465,76.57499695,77.22952271,77.75354004,78.4172287,79.07958221,79.74754333,80.42802429,81.12772369,82.78,84.60291734,83.33304596,82.34533862,82.3,85.60692596,86.36057281,86.2,87.94747925,89.27153015,91.4,92.28749847,93.58365631,94.75013733,
"Venezuela, RB",VEN,"Access to electricity, urban (% of urban population)",EG.ELC.ACCS.UR.ZS,,,,,,,,,,,,,,,,,,,,,,,,,,,,,,,,,99.940829,99.49456024,99.58828735,99.7,99.7327652,99.7,99.3,99.5,99.9,100,99.8,99.70018005,99.69065857,99.70036316,99.7305603,99.7771225,99.83567047,99.90098572,99.95440674,99.98667908,99.99819946,100,100,100,100,100,100,100,
Vietnam,VNM,"Access to electricity, urban (% of urban population)",EG.ELC.ACCS.UR.ZS,,,,,,,,,,,,,,,,,,,,,,,,,,,,,,,,,,,,,,98.6,98.94204712,98.96710205,99.04975891,99.06781006,99.4,99.10686493,99.141716,99.6,99.1,99.36128235,99.46420288,99.6,99.88,100,99.8,99.96487427,99.9,100,100,100,100,100,
Virgin Islands (U.S.),VIR,"Access to electricity, urban (% of urban population)",EG.ELC.ACCS.UR.ZS,,,,,,,,,,,,,,,,,,,,,,,,,,,,,,,99.89868927,99.94800568,99.98246765,99.99720001,100,100,100,100,99.99960327,99.99386597,100,100,100,100,100,100,100,100,100,100,100,100,100,100,100,100,100,100,100,100,
West Bank and Gaza,PSE,"Access to electricity, urban (% of urban population)",EG.ELC.ACCS.UR.ZS,,,,,,,,,,,,,,,,,,,,,,,,,,,,,,,,,,,,,,99.93002319,99.91257477,99.87902832,99.9,99.8476944,99.7912674,99.7,99.78,99.83,99.8,99.8,99.73203278,99.51,99.9,99.94,99.91699219,99.92558289,99.8,99.96246338,100,99.9,99.9990387,100,
"Yemen, Rep.",YEM,"Access to electricity, urban (% of urban population)",EG.ELC.ACCS.UR.ZS,,,,,,,,,,,,,,,,,,,,,,,,,,,,,,,,,91.2,89.61949158,89.99402618,90.35566711,90.70011139,89.8,91.3221817,91.60276031,92.01769257,92.01477051,92.01051331,92.01185608,91.59,91.05,94.96466431,92.18235779,92.26430511,92.35385895,100,99.85680389,99.1339798,98.5,95.92,93.08476257,92.93424988,93.00557709,85,93.14653015,
Zambia,ZMB,"Access to electricity, urban (% of urban population)",EG.ELC.ACCS.UR.ZS,,,,,,,,,,,,,,,,,,,,,,,,,,,,,,,34.7,35.02808762,39.2,37.54595947,38.79414749,40.02944565,44.1,42.44417191,48,44.77116776,44.1,47.03559113,45.1,48,47.6,51.61127472,52.79777527,47.8,55.2154808,56.43795013,49.8,58.88824463,60.10819244,61.32342529,61.5,67.7,70.17121887,75.2,76.7953186,79.87826538,
Zimbabwe,ZWE,"Access to electricity, urban (% of urban population)",EG.ELC.ACCS.UR.ZS,,,,,,,,,,,,,,,,,,,,,,,,,,,,,,,,,85.57103729,85.60405731,80.4,85.64002991,85.63437653,85.60723114,85.55622864,87.4,85.45786285,85.39061737,85.32204437,85.25907135,85.20862579,85.17740631,91.4,85.17230988,85.18993378,90.86194122,85.24365997,83.2,85.29373932,85.31174469,83.4,81.2,85.34534454,85.35234833,85.35857391,85.3646698,
